Workbook

Sheet Quote
A2: SERVICE QUOTE
A4: (252) 564-8717 - contact@obxlotsolutions.com - obxlotsolutions.com
A6: Prepared for: | D6: Date:
A7: Property / address: | D7: Prepared by: | E7: Ray - OBX Lot Solutions
A9: Service | B9: Size / detail | C9: Unit price | D9: Qty | E9: Line total
C10: =IF($A10="","",IFERROR(VLOOKUP($A10,Pricing!$A:$B,2,FALSE()),0)) | E10: =IF($A10="","",IFERROR($C10*IF($D10="",1,$D10),0))
C11: =IF($A11="","",IFERROR(VLOOKUP($A11,Pricing!$A:$B,2,FALSE()),0)) | E11: =IF($A11="","",IFERROR($C11*IF($D11="",1,$D11),0))
C12: =IF($A12="","",IFERROR(VLOOKUP($A12,Pricing!$A:$B,2,FALSE()),0)) | E12: =IF($A12="","",IFERROR($C12*IF($D12="",1,$D12),0))
C13: =IF($A13="","",IFERROR(VLOOKUP($A13,Pricing!$A:$B,2,FALSE()),0)) | E13: =IF($A13="","",IFERROR($C13*IF($D13="",1,$D13),0))
C14: =IF($A14="","",IFERROR(VLOOKUP($A14,Pricing!$A:$B,2,FALSE()),0)) | E14: =IF($A14="","",IFERROR($C14*IF($D14="",1,$D14),0))
C15: =IF($A15="","",IFERROR(VLOOKUP($A15,Pricing!$A:$B,2,FALSE()),0)) | E15: =IF($A15="","",IFERROR($C15*IF($D15="",1,$D15),0))
C16: =IF($A16="","",IFERROR(VLOOKUP($A16,Pricing!$A:$B,2,FALSE()),0)) | E16: =IF($A16="","",IFERROR($C16*IF($D16="",1,$D16),0))
C17: =IF($A17="","",IFERROR(VLOOKUP($A17,Pricing!$A:$B,2,FALSE()),0)) | E17: =IF($A17="","",IFERROR($C17*IF($D17="",1,$D17),0))
C18: =IF($A18="","",IFERROR(VLOOKUP($A18,Pricing!$A:$B,2,FALSE()),0)) | E18: =IF($A18="","",IFERROR($C18*IF($D18="",1,$D18),0))
C19: =IF($A19="","",IFERROR(VLOOKUP($A19,Pricing!$A:$B,2,FALSE()),0)) | E19: =IF($A19="","",IFERROR($C19*IF($D19="",1,$D19),0))
C20: =IF($A20="","",IFERROR(VLOOKUP($A20,Pricing!$A:$B,2,FALSE()),0)) | E20: =IF($A20="","",IFERROR($C20*IF($D20="",1,$D20),0))
C21: =IF($A21="","",IFERROR(VLOOKUP($A21,Pricing!$A:$B,2,FALSE()),0)) | E21: =IF($A21="","",IFERROR($C21*IF($D21="",1,$D21),0))
A22: Subtotal | E22: =SUM(E10:E21) -> 0
A23: Recurring service? (Yes = 20% off) | E23: No
A24: Recurring discount (20%) | E24: =IF(E23="Yes",E22*0.2,0) -> 0
A25: TOTAL | E25: =E22-E24 -> 0
A27: Notes:
A32: Blue cells = you fill in (Qty, recurring Yes/No). Prices auto-fill when you pick a service. 'from' prices are minimums - bump for larger jobs.

Sheet Pricing
A1: Service | B1: Unit price | C1: Unit
A2: Parking-lot cleanup (from) | B2: 79 | C2: flat
A3: Storefront & walkway cleanup (from) | B3: 59 | C3: flat
A4: Dumpster-area cleanup | B4: 59 | C4: flat
A5: Roadside cleanup (from) | B5: 129 | C5: flat
A6: Junk removal (quote - enter price) | B6: 0 | C6: manual
A7: Event cleanup (quote - enter price) | B7: 0 | C7: manual
A8: Power wash - driveway, small | B8: 99 | C8: flat
A9: Power wash - driveway, medium | B9: 149 | C9: flat
A10: Power wash - driveway, large | B10: 199 | C10: flat
A11: Power wash - house, 1-story <=1500 sqft | B11: 299 | C11: flat
A12: Power wash - house, <=2500 sqft | B12: 399 | C12: flat
A13: Power wash - house, 2-story 2500-3500 | B13: 549 | C13: flat
... A20: Window wash - 2nd floor add (per window) | B20: 4 | C20: per window
